작품명,별칭,wonder,transcendence,nostalgia,tenderness,peacefulness,joy,power,tension,sadness
쇼팽 연습곡 Op.10 No.1,,1,4,1,1,2,4,4,3,2
쇼팽 연습곡 Op.10 No.2,,1,2,1,1,1,3,1,4,1
쇼팽 연습곡 Op.10 No.3,이별의 곡,4,1,2,3,3,1,2,1,3
쇼팽 연습곡 Op.10 No.4,,2,5,1,1,1,4,3,4,1
쇼팽 연습곡 Op.10 No.5,흑건,2,2,1,1,2,4,1,3,1
쇼팽 연습곡 Op.10 No.6,,4,1,3,3,3,1,1,1,4
쇼팽 연습곡 Op.10 No.7,,1,2,1,1,1,3,2,3,2
쇼팽 연습곡 Op.10 No.8,,1,2,1,2,2,4,2,2,1
쇼팽 연습곡 Op.10 No.9,,3,2,1,1,1,2,2,3,4
쇼팽 연습곡 Op.10 No.10,,2,2,2,2,1,4,3,2,1
쇼팽 연습곡 Op.10 No.11,,3,1,3,3,3,3,1,1,2
쇼팽 연습곡 Op.10 No.12,혁명,1,5,1,1,1,3,4,4,1
쇼팽 연습곡 Op.25 No.1,에올리안 하프,4,1,3,3,2,2,1,1,3
쇼팽 연습곡 Op.25 No.2,,2,1,1,1,1,4,1,1,3
쇼팽 연습곡 Op.25 No.3,,1,2,1,1,1,4,3,3,1
쇼팽 연습곡 Op.25 No.4,,1,2,1,1,1,4,3,3,1
쇼팽 연습곡 Op.25 No.5,,2,1,1,2,2,3,3,2,2
쇼팽 연습곡 Op.25 No.6,,3,3,3,1,1,3,2,4,2
쇼팽 연습곡 Op.25 No.7,,4,1,1,2,2,1,1,3,4
쇼팽 연습곡 Op.25 No.8,,1,1,1,2,1,4,2,1,1
쇼팽 연습곡 Op.25 No.9,나비,1,1,1,3,2,3,2,2,1
쇼팽 연습곡 Op.25 No.10,,1,4,1,1,1,3,5,3,2
쇼팽 연습곡 Op.25 No.11,겨울바람,2,5,1,1,1,3,4,4,1
쇼팽 연습곡 Op.25 No.12,대양,1,5,1,1,1,3,4,3,2
쇼팽 소나타 No.2 Op.35 - 1악장,,3,5,1,2,1,3,4,4,3
쇼팽 소나타 No.2 Op.35 - 2악장,,1,3,2,1,1,4,3,3,1
쇼팽 소나타 No.2 Op.35 - 3악장,,2,1,2,1,2,1,2,3,4
쇼팽 소나타 No.2 Op.35 - 4악장,,1,3,3,1,1,3,3,4,1
쇼팽 소나타 No.3 Op.58 - 1악장,,3,2,3,2,1,2,4,2,3
쇼팽 소나타 No.3 Op.58 - 2악장,,1,1,3,2,1,4,2,1,1
쇼팽 소나타 No.3 Op.58 - 3악장,,3,1,2,3,3,1,1,1,4
쇼팽 소나타 No.3 Op.58 - 4악장,,3,5,1,1,1,4,4,3,1
쇼팽 발라드 No.1 Op.23,,4,5,1,3,2,3,3,2,4
쇼팽 발라드 No.2 Op.38,,4,2,3,3,2,1,3,1,3
쇼팽 발라드 No.3 Op.47,,3,1,1,3,4,5,3,2,2
쇼팽 발라드 No.4 Op.52,,4,4,3,3,2,1,3,4,5
